-- phpMyAdmin SQL Dump
-- version 5.2.1
-- https://www.phpmyadmin.net/
--
-- Host: 127.0.0.1
-- Waktu pembuatan: 23 Nov 2025 pada 09.23
-- Versi server: 10.4.32-MariaDB
-- Versi PHP: 8.0.30

SET SQL_MODE = "NO_AUTO_VALUE_ON_ZERO";
START TRANSACTION;
SET time_zone = "+00:00";


/*!40101 SET @OLD_CHARACTER_SET_CLIENT=@@CHARACTER_SET_CLIENT */;
/*!40101 SET @OLD_CHARACTER_SET_RESULTS=@@CHARACTER_SET_RESULTS */;
/*!40101 SET @OLD_COLLATION_CONNECTION=@@COLLATION_CONNECTION */;
/*!40101 SET NAMES utf8mb4 */;

--
-- Database: `gor_terbaru`
--

-- --------------------------------------------------------

--
-- Struktur dari tabel `booking`
--

CREATE TABLE `booking` (
  `booking_id` int(11) NOT NULL,
  `user_id` int(11) NOT NULL,
  `venue_id` int(11) NOT NULL,
  `tanggal_booking` date NOT NULL,
  `jam_mulai` time NOT NULL,
  `jam_selesai` time NOT NULL,
  `total_harga` decimal(10,0) NOT NULL,
  `status` enum('booked','selesai','batal') NOT NULL
) ENGINE=InnoDB DEFAULT CHARSET=utf8mb4 COLLATE=utf8mb4_general_ci;

-- --------------------------------------------------------

--
-- Struktur dari tabel `facility`
--

CREATE TABLE `facility` (
  `fasilitas_id` int(11) NOT NULL,
  `nama_fasilitas` varchar(255) NOT NULL
) ENGINE=InnoDB DEFAULT CHARSET=utf8mb4 COLLATE=utf8mb4_general_ci;

--
-- Dumping data untuk tabel `facility`
--

INSERT INTO `facility` (`fasilitas_id`, `nama_fasilitas`) VALUES
(1, 'Kamar Ganti'),
(2, 'Toilet'),
(3, 'Kantin'),
(4, 'Area Parkir'),
(5, 'Ruang Tunggu'),
(6, 'Wi-Fi Gratis'),
(7, 'Shower Room'),
(8, 'Tempat Ibadah'),
(9, 'Area Merokok'),
(10, 'Kantin Sehat'),
(11, 'Lapangan Tambahan');

-- --------------------------------------------------------

--
-- Struktur dari tabel `jadwal`
--

CREATE TABLE `jadwal` (
  `jadwal_id` int(11) NOT NULL,
  `venue_id` int(11) NOT NULL,
  `tanggal` date NOT NULL,
  `jam_mulai` time NOT NULL,
  `jam_selesai` time NOT NULL,
  `lapangan` varchar(255) NOT NULL,
  `other` varchar(500) NOT NULL,
  `jarak` varchar(50) NOT NULL
) ENGINE=InnoDB DEFAULT CHARSET=utf8mb4 COLLATE=utf8mb4_general_ci;

--
-- Dumping data untuk tabel `jadwal`
--

INSERT INTO `jadwal` (`jadwal_id`, `venue_id`, `tanggal`, `jam_mulai`, `jam_selesai`, `lapangan`, `other`, `jarak`) VALUES
(1, 1, '2025-10-21', '07:00:00', '09:00:00', 'Lapangan A', 'Rian Budi Dika Fajar', '2.5 km'),
(2, 2, '2025-10-22', '09:00:00', '11:00:00', 'Lapangan B', 'Andi Yudi Rizky Eko', '3.2 km'),
(3, 3, '2025-10-23', '10:00:00', '12:00:00', 'Lapangan C', 'Chandra Bayu Yoga Aldi', '1.8 km'),
(4, 4, '2025-10-24', '13:00:00', '15:00:00', 'Lapangan D', 'Rizal Dimas Tio Heri', '4.0 km'),
(5, 5, '2025-10-25', '15:00:00', '17:00:00', 'Lapangan E', 'Ari Galih Rudi Seno', '2.1 km'),
(6, 6, '2025-10-26', '07:30:00', '09:30:00', 'Lapangan F', 'Bimo Rian Edo Nanda', '3.5 km'),
(7, 7, '2025-10-27', '08:00:00', '10:00:00', 'Lapangan G', 'Tono Adit Sigit Ega', '5.0 km'),
(8, 8, '2025-10-28', '10:30:00', '12:30:00', 'Lapangan H', 'Rama Hadi Doni Fikri', '2.8 km'),
(9, 9, '2025-10-29', '14:00:00', '16:00:00', 'Lapangan I', 'Budi Reno Tama Wira', '4.7 km'),
(10, 10, '2025-10-30', '16:00:00', '18:00:00', 'Lapangan J', 'Deni Arif Raka Ojan', '3.0 km');

-- --------------------------------------------------------

--
-- Struktur dari tabel `jadwal_booking`
--

CREATE TABLE `jadwal_booking` (
  `id` int(11) NOT NULL,
  `venue_id` int(11) NOT NULL,
  `lapangan` varchar(100) NOT NULL,
  `dateTime` datetime NOT NULL
) ENGINE=InnoDB DEFAULT CHARSET=utf8mb4 COLLATE=utf8mb4_general_ci;

--
-- Dumping data untuk tabel `jadwal_booking`
--

INSERT INTO `jadwal_booking` (`id`, `venue_id`, `lapangan`, `dateTime`) VALUES
(1, 5, 'Lapangan 3', '2025-11-15 10:00:00'),
(2, 1, 'Lapangan 1', '2025-11-20 21:00:00'),
(3, 4, 'Lapangan 8', '2025-12-01 17:00:00'),
(4, 7, 'Lapangan 2', '2025-11-18 08:00:00'),
(5, 2, 'Lapangan 6', '2025-12-10 18:00:00'),
(6, 9, 'Lapangan 5', '2025-11-29 19:00:00'),
(7, 10, 'Lapangan 10', '2025-12-05 14:00:00'),
(8, 3, 'Lapangan 7', '2025-11-16 12:00:00'),
(9, 8, 'Lapangan 4', '2025-11-22 20:00:00'),
(10, 6, 'Lapangan 9', '2025-12-13 09:00:00'),
(11, 1, 'Lapangan 2', '2025-11-25 15:00:00'),
(12, 4, 'Lapangan 1', '2025-12-03 07:00:00'),
(13, 7, 'Lapangan 3', '2025-11-30 16:00:00'),
(14, 10, 'Lapangan 8', '2025-12-08 21:00:00'),
(15, 5, 'Lapangan 5', '2025-11-19 13:00:00'),
(16, 2, 'Lapangan 7', '2025-11-28 07:00:00'),
(17, 8, 'Lapangan 10', '2025-12-02 11:00:00'),
(18, 3, 'Lapangan 4', '2025-11-24 10:00:00'),
(19, 9, 'Lapangan 1', '2025-12-07 17:00:00'),
(20, 6, 'Lapangan 6', '2025-11-17 19:00:00'),
(21, 1, 'Lapangan 9', '2025-12-11 08:00:00'),
(22, 4, 'Lapangan 5', '2025-11-21 16:00:00'),
(23, 7, 'Lapangan 7', '2025-12-04 20:00:00'),
(24, 10, 'Lapangan 2', '2025-11-26 09:00:00'),
(25, 5, 'Lapangan 8', '2025-12-09 18:00:00'),
(26, 2, 'Lapangan 4', '2025-11-14 14:00:00'),
(27, 8, 'Lapangan 1', '2025-12-12 15:00:00'),
(28, 3, 'Lapangan 3', '2025-11-23 17:00:00'),
(29, 9, 'Lapangan 9', '2025-12-06 07:00:00'),
(30, 6, 'Lapangan 2', '2025-11-27 12:00:00'),
(31, 1, 'Lapangan 5', '2025-11-15 19:00:00'),
(32, 4, 'Lapangan 7', '2025-11-20 11:00:00'),
(33, 7, 'Lapangan 10', '2025-12-01 13:00:00'),
(34, 10, 'Lapangan 6', '2025-11-18 16:00:00'),
(35, 5, 'Lapangan 1', '2025-11-29 08:00:00'),
(36, 2, 'Lapangan 8', '2025-12-05 10:00:00'),
(37, 8, 'Lapangan 3', '2025-11-16 18:00:00'),
(38, 3, 'Lapangan 9', '2025-11-22 09:00:00'),
(39, 9, 'Lapangan 7', '2025-12-13 11:00:00'),
(40, 6, 'Lapangan 4', '2025-11-25 14:00:00'),
(41, 1, 'Lapangan 10', '2025-12-03 20:00:00'),
(42, 4, 'Lapangan 2', '2025-11-30 15:00:00'),
(43, 7, 'Lapangan 6', '2025-12-08 10:00:00'),
(44, 10, 'Lapangan 1', '2025-11-19 12:00:00'),
(45, 5, 'Lapangan 9', '2025-11-28 17:00:00'),
(46, 2, 'Lapangan 3', '2025-12-02 08:00:00'),
(47, 8, 'Lapangan 5', '2025-11-24 13:00:00'),
(48, 3, 'Lapangan 8', '2025-12-07 15:00:00'),
(49, 9, 'Lapangan 2', '2025-11-17 18:00:00'),
(50, 6, 'Lapangan 7', '2025-12-11 16:00:00'),
(51, 1, 'Lapangan 1', '2025-11-14 08:00:00'),
(52, 4, 'Lapangan 3', '2025-11-20 10:00:00'),
(53, 7, 'Lapangan 5', '2025-12-05 14:00:00'),
(54, 10, 'Lapangan 7', '2025-11-26 18:00:00'),
(55, 5, 'Lapangan 9', '2025-12-09 20:00:00'),
(56, 2, 'Lapangan 2', '2025-11-17 11:00:00'),
(57, 8, 'Lapangan 4', '2025-11-28 13:00:00'),
(58, 3, 'Lapangan 6', '2025-12-01 15:00:00'),
(59, 9, 'Lapangan 8', '2025-12-12 17:00:00'),
(60, 6, 'Lapangan 10', '2025-11-21 07:00:00'),
(61, 1, 'Lapangan 3', '2025-12-04 19:00:00'),
(62, 4, 'Lapangan 1', '2025-11-16 16:00:00'),
(63, 7, 'Lapangan 7', '2025-11-23 09:00:00'),
(64, 10, 'Lapangan 2', '2025-12-07 21:00:00'),
(65, 5, 'Lapangan 4', '2025-11-14 12:00:00'),
(66, 2, 'Lapangan 9', '2025-11-27 10:00:00'),
(67, 8, 'Lapangan 6', '2025-12-10 08:00:00'),
(68, 3, 'Lapangan 1', '2025-11-19 14:00:00'),
(69, 9, 'Lapangan 3', '2025-11-30 11:00:00'),
(70, 6, 'Lapangan 5', '2025-12-13 13:00:00'),
(71, 1, 'Lapangan 8', '2025-11-22 17:00:00'),
(72, 4, 'Lapangan 10', '2025-12-06 15:00:00'),
(73, 7, 'Lapangan 2', '2025-11-18 20:00:00'),
(74, 10, 'Lapangan 4', '2025-12-02 09:00:00'),
(75, 5, 'Lapangan 6', '2025-11-25 07:00:00'),
(76, 2, 'Lapangan 1', '2025-12-08 16:00:00'),
(77, 8, 'Lapangan 8', '2025-11-15 10:00:00'),
(78, 3, 'Lapangan 3', '2025-11-29 12:00:00'),
(79, 9, 'Lapangan 5', '2025-12-03 14:00:00'),
(80, 6, 'Lapangan 7', '2025-11-20 18:00:00'),
(81, 1, 'Lapangan 9', '2025-12-11 08:00:00'),
(82, 4, 'Lapangan 2', '2025-11-24 11:00:00'),
(83, 7, 'Lapangan 4', '2025-12-14 13:00:00'),
(84, 10, 'Lapangan 6', '2025-11-17 15:00:00'),
(85, 5, 'Lapangan 8', '2025-11-28 17:00:00'),
(86, 2, 'Lapangan 10', '2025-12-01 19:00:00'),
(87, 8, 'Lapangan 1', '2025-11-21 09:00:00'),
(88, 3, 'Lapangan 5', '2025-12-04 21:00:00'),
(89, 9, 'Lapangan 7', '2025-11-16 07:00:00'),
(90, 6, 'Lapangan 9', '2025-11-23 10:00:00'),
(91, 1, 'Lapangan 2', '2025-12-07 12:00:00'),
(92, 4, 'Lapangan 4', '2025-11-14 14:00:00'),
(93, 7, 'Lapangan 6', '2025-11-27 16:00:00'),
(94, 10, 'Lapangan 8', '2025-12-10 18:00:00'),
(95, 5, 'Lapangan 10', '2025-11-19 20:00:00'),
(96, 2, 'Lapangan 3', '2025-11-30 08:00:00'),
(97, 8, 'Lapangan 5', '2025-12-13 11:00:00'),
(98, 3, 'Lapangan 7', '2025-11-22 13:00:00'),
(99, 9, 'Lapangan 9', '2025-12-06 15:00:00'),
(100, 6, 'Lapangan 1', '2025-11-18 17:00:00'),
(101, 1, 'Lapangan 4', '2025-12-02 19:00:00'),
(102, 4, 'Lapangan 6', '2025-11-25 07:00:00'),
(103, 7, 'Lapangan 8', '2025-12-08 09:00:00'),
(104, 10, 'Lapangan 10', '2025-11-15 11:00:00'),
(105, 5, 'Lapangan 2', '2025-11-29 13:00:00'),
(106, 2, 'Lapangan 5', '2025-12-03 15:00:00'),
(107, 8, 'Lapangan 7', '2025-11-20 17:00:00'),
(108, 3, 'Lapangan 9', '2025-12-11 19:00:00'),
(109, 9, 'Lapangan 1', '2025-11-24 08:00:00'),
(110, 6, 'Lapangan 3', '2025-12-14 10:00:00'),
(111, 1, 'Lapangan 6', '2025-11-17 12:00:00'),
(112, 4, 'Lapangan 8', '2025-11-28 14:00:00'),
(113, 7, 'Lapangan 10', '2025-12-01 16:00:00'),
(114, 10, 'Lapangan 1', '2025-11-21 18:00:00'),
(115, 5, 'Lapangan 3', '2025-12-04 20:00:00'),
(116, 2, 'Lapangan 7', '2025-11-16 09:00:00'),
(117, 8, 'Lapangan 9', '2025-11-23 11:00:00'),
(118, 3, 'Lapangan 2', '2025-12-07 13:00:00'),
(119, 9, 'Lapangan 4', '2025-11-14 15:00:00'),
(120, 6, 'Lapangan 6', '2025-11-27 17:00:00'),
(121, 1, 'Lapangan 8', '2025-12-10 19:00:00'),
(122, 4, 'Lapangan 10', '2025-11-19 07:00:00'),
(123, 7, 'Lapangan 1', '2025-11-30 09:00:00'),
(124, 10, 'Lapangan 3', '2025-12-13 11:00:00'),
(125, 5, 'Lapangan 5', '2025-11-22 13:00:00'),
(126, 2, 'Lapangan 8', '2025-12-06 15:00:00'),
(127, 8, 'Lapangan 10', '2025-11-18 17:00:00'),
(128, 3, 'Lapangan 4', '2025-12-02 19:00:00'),
(129, 9, 'Lapangan 6', '2025-11-25 08:00:00'),
(130, 6, 'Lapangan 8', '2025-12-08 10:00:00'),
(131, 1, 'Lapangan 10', '2025-11-15 12:00:00'),
(132, 4, 'Lapangan 1', '2025-11-29 14:00:00'),
(133, 7, 'Lapangan 3', '2025-12-03 16:00:00'),
(134, 10, 'Lapangan 5', '2025-11-20 18:00:00'),
(135, 5, 'Lapangan 7', '2025-12-11 20:00:00'),
(136, 2, 'Lapangan 9', '2025-11-24 09:00:00'),
(137, 8, 'Lapangan 2', '2025-12-14 11:00:00'),
(138, 3, 'Lapangan 6', '2025-11-17 13:00:00'),
(139, 9, 'Lapangan 8', '2025-11-28 15:00:00'),
(140, 6, 'Lapangan 10', '2025-12-01 17:00:00'),
(141, 1, 'Lapangan 1', '2025-11-21 19:00:00'),
(142, 4, 'Lapangan 3', '2025-12-04 07:00:00'),
(143, 7, 'Lapangan 5', '2025-11-16 09:00:00'),
(144, 10, 'Lapangan 7', '2025-11-23 11:00:00'),
(145, 5, 'Lapangan 9', '2025-12-07 13:00:00'),
(146, 2, 'Lapangan 2', '2025-11-14 15:00:00'),
(147, 8, 'Lapangan 4', '2025-11-27 17:00:00'),
(148, 3, 'Lapangan 8', '2025-12-10 19:00:00'),
(149, 9, 'Lapangan 10', '2025-11-19 08:00:00'),
(150, 6, 'Lapangan 1', '2025-11-30 10:00:00'),
(151, 1, 'Lapangan 3', '2025-12-13 12:00:00'),
(152, 4, 'Lapangan 5', '2025-11-22 14:00:00'),
(153, 7, 'Lapangan 7', '2025-12-06 16:00:00'),
(154, 10, 'Lapangan 9', '2025-11-18 18:00:00'),
(155, 5, 'Lapangan 1', '2025-12-02 20:00:00'),
(156, 2, 'Lapangan 4', '2025-11-25 09:00:00'),
(157, 8, 'Lapangan 6', '2025-12-08 11:00:00'),
(158, 3, 'Lapangan 10', '2025-11-15 13:00:00'),
(159, 9, 'Lapangan 2', '2025-11-29 15:00:00'),
(160, 6, 'Lapangan 4', '2025-12-03 17:00:00'),
(161, 1, 'Lapangan 7', '2025-11-20 19:00:00'),
(162, 4, 'Lapangan 9', '2025-12-11 07:00:00'),
(163, 7, 'Lapangan 1', '2025-11-24 09:00:00'),
(164, 10, 'Lapangan 3', '2025-12-14 11:00:00'),
(165, 5, 'Lapangan 5', '2025-11-17 13:00:00'),
(166, 2, 'Lapangan 8', '2025-11-28 15:00:00'),
(167, 8, 'Lapangan 10', '2025-12-01 17:00:00'),
(168, 3, 'Lapangan 2', '2025-11-21 19:00:00'),
(169, 9, 'Lapangan 4', '2025-12-04 08:00:00'),
(170, 6, 'Lapangan 6', '2025-11-16 10:00:00'),
(171, 1, 'Lapangan 9', '2025-11-23 12:00:00'),
(172, 4, 'Lapangan 1', '2025-12-07 14:00:00'),
(173, 7, 'Lapangan 3', '2025-11-14 16:00:00'),
(174, 10, 'Lapangan 5', '2025-11-27 18:00:00'),
(175, 5, 'Lapangan 7', '2025-12-10 20:00:00'),
(176, 2, 'Lapangan 10', '2025-11-19 09:00:00'),
(177, 8, 'Lapangan 2', '2025-11-30 11:00:00'),
(178, 3, 'Lapangan 4', '2025-12-13 13:00:00'),
(179, 9, 'Lapangan 6', '2025-11-22 15:00:00'),
(180, 6, 'Lapangan 8', '2025-12-06 17:00:00'),
(181, 1, 'Lapangan 1', '2025-11-18 19:00:00'),
(182, 4, 'Lapangan 3', '2025-12-02 07:00:00'),
(183, 7, 'Lapangan 5', '2025-11-25 09:00:00'),
(184, 10, 'Lapangan 7', '2025-12-08 11:00:00'),
(185, 5, 'Lapangan 9', '2025-11-15 13:00:00'),
(186, 2, 'Lapangan 1', '2025-11-29 15:00:00'),
(187, 8, 'Lapangan 3', '2025-12-03 17:00:00'),
(188, 3, 'Lapangan 5', '2025-11-20 19:00:00'),
(189, 9, 'Lapangan 7', '2025-12-11 08:00:00'),
(190, 6, 'Lapangan 9', '2025-11-24 10:00:00'),
(191, 1, 'Lapangan 2', '2025-12-14 12:00:00'),
(192, 4, 'Lapangan 4', '2025-11-17 14:00:00'),
(193, 7, 'Lapangan 6', '2025-11-28 16:00:00'),
(194, 10, 'Lapangan 8', '2025-12-01 18:00:00'),
(195, 5, 'Lapangan 10', '2025-11-21 20:00:00'),
(196, 2, 'Lapangan 3', '2025-12-04 09:00:00'),
(197, 8, 'Lapangan 5', '2025-11-16 11:00:00'),
(198, 3, 'Lapangan 7', '2025-11-23 13:00:00'),
(199, 9, 'Lapangan 9', '2025-12-07 15:00:00'),
(200, 6, 'Lapangan 1', '2025-11-14 17:00:00'),
(201, 1, 'Lapangan 5', '2025-11-14 10:00:00'),
(202, 2, 'Lapangan 1', '2025-11-15 07:00:00'),
(203, 3, 'Lapangan 2', '2025-11-16 08:00:00'),
(204, 4, 'Lapangan 3', '2025-11-17 09:00:00'),
(205, 5, 'Lapangan 4', '2025-11-18 10:00:00'),
(206, 6, 'Lapangan 5', '2025-11-19 11:00:00'),
(207, 7, 'Lapangan 6', '2025-11-20 12:00:00'),
(208, 8, 'Lapangan 7', '2025-11-21 13:00:00'),
(209, 9, 'Lapangan 8', '2025-11-22 14:00:00'),
(210, 10, 'Lapangan 9', '2025-11-23 15:00:00'),
(211, 1, 'Lapangan 10', '2025-11-24 16:00:00'),
(212, 2, 'Lapangan 1', '2025-11-25 17:00:00'),
(213, 3, 'Lapangan 3', '2025-11-26 18:00:00'),
(214, 4, 'Lapangan 4', '2025-11-27 10:00:00'),
(215, 5, 'Lapangan 5', '2025-11-28 11:00:00'),
(216, 6, 'Lapangan 6', '2025-11-29 12:00:00'),
(217, 7, 'Lapangan 7', '2025-11-30 13:00:00'),
(218, 8, 'Lapangan 8', '2025-12-01 14:00:00'),
(219, 9, 'Lapangan 9', '2025-12-02 15:00:00'),
(220, 10, 'Lapangan 10', '2025-12-03 16:00:00'),
(221, 1, 'Lapangan 1', '2025-12-04 17:00:00'),
(222, 2, 'Lapangan 2', '2025-12-05 18:00:00'),
(223, 3, 'Lapangan 4', '2025-12-06 19:00:00'),
(224, 4, 'Lapangan 5', '2025-12-07 11:00:00'),
(225, 5, 'Lapangan 6', '2025-12-08 12:00:00'),
(226, 6, 'Lapangan 7', '2025-12-09 13:00:00'),
(227, 7, 'Lapangan 8', '2025-12-10 14:00:00'),
(228, 8, 'Lapangan 9', '2025-12-11 15:00:00'),
(229, 9, 'Lapangan 10', '2025-12-12 16:00:00'),
(230, 10, 'Lapangan 1', '2025-12-13 17:00:00'),
(231, 1, 'Lapangan 2', '2025-12-14 18:00:00'),
(232, 2, 'Lapangan 3', '2025-11-14 08:00:00'),
(233, 3, 'Lapangan 5', '2025-11-15 09:00:00'),
(234, 4, 'Lapangan 6', '2025-11-16 12:00:00'),
(235, 5, 'Lapangan 7', '2025-11-17 13:00:00'),
(236, 6, 'Lapangan 8', '2025-11-18 14:00:00'),
(237, 7, 'Lapangan 9', '2025-11-19 15:00:00'),
(238, 8, 'Lapangan 10', '2025-11-20 16:00:00'),
(239, 9, 'Lapangan 1', '2025-11-21 17:00:00'),
(240, 10, 'Lapangan 2', '2025-11-22 18:00:00'),
(241, 1, 'Lapangan 3', '2025-11-23 19:00:00'),
(242, 2, 'Lapangan 4', '2025-11-24 09:00:00'),
(243, 3, 'Lapangan 6', '2025-11-25 10:00:00'),
(244, 4, 'Lapangan 7', '2025-11-26 13:00:00'),
(245, 5, 'Lapangan 8', '2025-11-27 14:00:00'),
(246, 6, 'Lapangan 9', '2025-11-28 15:00:00'),
(247, 7, 'Lapangan 10', '2025-11-29 16:00:00'),
(248, 8, 'Lapangan 1', '2025-11-30 17:00:00'),
(249, 9, 'Lapangan 2', '2025-12-01 18:00:00'),
(250, 10, 'Lapangan 3', '2025-12-02 19:00:00'),
(251, 1, 'Lapangan 4', '2025-12-03 20:00:00'),
(252, 2, 'Lapangan 5', '2025-12-04 10:00:00'),
(253, 3, 'Lapangan 7', '2025-12-05 11:00:00'),
(254, 4, 'Lapangan 8', '2025-12-06 14:00:00'),
(255, 5, 'Lapangan 9', '2025-12-07 15:00:00'),
(256, 6, 'Lapangan 10', '2025-12-08 16:00:00'),
(257, 7, 'Lapangan 1', '2025-12-09 17:00:00'),
(258, 8, 'Lapangan 2', '2025-12-10 18:00:00'),
(259, 9, 'Lapangan 3', '2025-12-11 19:00:00'),
(260, 10, 'Lapangan 4', '2025-12-12 20:00:00'),
(261, 1, 'Lapangan 5', '2025-12-13 21:00:00'),
(262, 2, 'Lapangan 6', '2025-12-14 11:00:00'),
(263, 3, 'Lapangan 8', '2025-11-14 12:00:00'),
(264, 4, 'Lapangan 9', '2025-11-15 15:00:00'),
(265, 5, 'Lapangan 10', '2025-11-16 16:00:00'),
(266, 6, 'Lapangan 1', '2025-11-17 17:00:00'),
(267, 7, 'Lapangan 2', '2025-11-18 18:00:00'),
(268, 8, 'Lapangan 3', '2025-11-19 19:00:00'),
(269, 9, 'Lapangan 4', '2025-11-20 07:00:00'),
(270, 10, 'Lapangan 5', '2025-11-21 08:00:00'),
(271, 1, 'Lapangan 6', '2025-11-22 09:00:00'),
(272, 2, 'Lapangan 7', '2025-11-23 12:00:00'),
(273, 3, 'Lapangan 9', '2025-11-24 13:00:00'),
(274, 4, 'Lapangan 10', '2025-11-25 16:00:00'),
(275, 5, 'Lapangan 1', '2025-11-26 17:00:00'),
(276, 6, 'Lapangan 2', '2025-11-27 18:00:00'),
(277, 7, 'Lapangan 3', '2025-11-28 19:00:00'),
(278, 8, 'Lapangan 4', '2025-11-29 20:00:00'),
(279, 9, 'Lapangan 5', '2025-11-30 08:00:00'),
(280, 10, 'Lapangan 6', '2025-12-01 09:00:00'),
(281, 1, 'Lapangan 7', '2025-12-02 10:00:00'),
(282, 2, 'Lapangan 8', '2025-12-03 13:00:00'),
(283, 3, 'Lapangan 10', '2025-12-04 14:00:00'),
(284, 4, 'Lapangan 1', '2025-12-05 17:00:00'),
(285, 5, 'Lapangan 2', '2025-12-06 18:00:00'),
(286, 6, 'Lapangan 3', '2025-12-07 19:00:00'),
(287, 7, 'Lapangan 4', '2025-12-08 20:00:00'),
(288, 8, 'Lapangan 5', '2025-12-09 08:00:00'),
(289, 9, 'Lapangan 6', '2025-12-10 09:00:00'),
(290, 10, 'Lapangan 7', '2025-12-11 10:00:00'),
(291, 1, 'Lapangan 8', '2025-12-12 11:00:00'),
(292, 2, 'Lapangan 9', '2025-12-13 14:00:00'),
(293, 3, 'Lapangan 1', '2025-12-14 15:00:00'),
(294, 4, 'Lapangan 2', '2025-11-14 16:00:00'),
(295, 5, 'Lapangan 3', '2025-11-15 17:00:00'),
(296, 6, 'Lapangan 4', '2025-11-16 18:00:00'),
(297, 7, 'Lapangan 5', '2025-11-17 19:00:00'),
(298, 8, 'Lapangan 6', '2025-11-18 20:00:00'),
(299, 9, 'Lapangan 7', '2025-11-19 10:00:00'),
(300, 10, 'Lapangan 8', '2025-11-20 11:00:00'),
(301, 1, 'Lapangan 9', '2025-11-21 12:00:00'),
(302, 2, 'Lapangan 10', '2025-11-22 15:00:00'),
(303, 3, 'Lapangan 2', '2025-11-23 16:00:00'),
(304, 4, 'Lapangan 3', '2025-11-24 17:00:00'),
(305, 5, 'Lapangan 4', '2025-11-25 18:00:00'),
(306, 6, 'Lapangan 5', '2025-11-26 19:00:00'),
(307, 7, 'Lapangan 6', '2025-11-27 20:00:00'),
(308, 8, 'Lapangan 7', '2025-11-28 08:00:00'),
(309, 9, 'Lapangan 8', '2025-11-29 09:00:00'),
(310, 10, 'Lapangan 9', '2025-11-30 10:00:00'),
(311, 1, 'Lapangan 10', '2025-12-01 11:00:00'),
(312, 2, 'Lapangan 1', '2025-12-02 12:00:00'),
(313, 3, 'Lapangan 3', '2025-12-03 13:00:00'),
(314, 4, 'Lapangan 4', '2025-12-04 14:00:00'),
(315, 5, 'Lapangan 5', '2025-12-05 15:00:00'),
(316, 6, 'Lapangan 6', '2025-12-06 16:00:00'),
(317, 7, 'Lapangan 7', '2025-12-07 17:00:00'),
(318, 8, 'Lapangan 8', '2025-12-08 18:00:00'),
(319, 9, 'Lapangan 9', '2025-12-09 19:00:00'),
(320, 10, 'Lapangan 10', '2025-12-10 20:00:00'),
(321, 1, 'Lapangan 1', '2025-12-11 21:00:00'),
(322, 2, 'Lapangan 2', '2025-12-12 07:00:00'),
(323, 3, 'Lapangan 4', '2025-12-13 08:00:00'),
(324, 4, 'Lapangan 5', '2025-12-14 09:00:00'),
(325, 5, 'Lapangan 6', '2025-11-14 10:00:00'),
(326, 6, 'Lapangan 7', '2025-11-15 11:00:00'),
(327, 7, 'Lapangan 8', '2025-11-16 12:00:00'),
(328, 8, 'Lapangan 9', '2025-11-17 13:00:00'),
(329, 9, 'Lapangan 10', '2025-11-18 14:00:00'),
(330, 10, 'Lapangan 1', '2025-11-19 15:00:00'),
(331, 1, 'Lapangan 2', '2025-11-20 16:00:00'),
(332, 2, 'Lapangan 3', '2025-11-21 17:00:00'),
(333, 3, 'Lapangan 5', '2025-11-22 18:00:00'),
(334, 4, 'Lapangan 6', '2025-11-23 11:00:00'),
(335, 5, 'Lapangan 7', '2025-11-24 12:00:00'),
(336, 6, 'Lapangan 8', '2025-11-25 13:00:00'),
(337, 7, 'Lapangan 9', '2025-11-26 14:00:00'),
(338, 8, 'Lapangan 10', '2025-11-27 15:00:00'),
(339, 9, 'Lapangan 1', '2025-11-28 16:00:00'),
(340, 10, 'Lapangan 2', '2025-11-29 17:00:00'),
(341, 1, 'Lapangan 3', '2025-11-30 18:00:00'),
(342, 2, 'Lapangan 4', '2025-12-01 11:00:00'),
(343, 3, 'Lapangan 6', '2025-12-02 12:00:00'),
(344, 4, 'Lapangan 7', '2025-12-03 15:00:00'),
(345, 5, 'Lapangan 8', '2025-12-04 16:00:00'),
(346, 6, 'Lapangan 9', '2025-12-05 17:00:00'),
(347, 7, 'Lapangan 10', '2025-12-06 18:00:00'),
(348, 8, 'Lapangan 1', '2025-12-07 19:00:00'),
(349, 9, 'Lapangan 2', '2025-12-08 20:00:00'),
(350, 10, 'Lapangan 3', '2025-12-09 21:00:00'),
(351, 1, 'Lapangan 4', '2025-12-10 08:00:00'),
(352, 2, 'Lapangan 5', '2025-12-11 09:00:00'),
(353, 3, 'Lapangan 7', '2025-12-12 10:00:00'),
(354, 4, 'Lapangan 8', '2025-12-13 13:00:00'),
(355, 5, 'Lapangan 9', '2025-12-14 14:00:00'),
(356, 6, 'Lapangan 10', '2025-11-14 15:00:00'),
(357, 7, 'Lapangan 1', '2025-11-15 16:00:00'),
(358, 8, 'Lapangan 2', '2025-11-16 17:00:00'),
(359, 9, 'Lapangan 3', '2025-11-17 18:00:00'),
(360, 10, 'Lapangan 4', '2025-11-18 19:00:00'),
(361, 1, 'Lapangan 5', '2025-11-19 20:00:00'),
(362, 2, 'Lapangan 6', '2025-11-20 10:00:00'),
(363, 3, 'Lapangan 8', '2025-11-21 11:00:00'),
(364, 4, 'Lapangan 9', '2025-11-22 14:00:00'),
(365, 5, 'Lapangan 10', '2025-11-23 15:00:00'),
(366, 6, 'Lapangan 1', '2025-11-24 16:00:00'),
(367, 7, 'Lapangan 2', '2025-11-25 17:00:00'),
(368, 8, 'Lapangan 3', '2025-11-26 18:00:00'),
(369, 9, 'Lapangan 4', '2025-11-27 19:00:00'),
(370, 10, 'Lapangan 5', '2025-11-28 20:00:00'),
(371, 1, 'Lapangan 6', '2025-11-29 21:00:00'),
(372, 2, 'Lapangan 7', '2025-11-30 12:00:00'),
(373, 3, 'Lapangan 9', '2025-12-01 13:00:00'),
(374, 4, 'Lapangan 10', '2025-12-02 16:00:00'),
(375, 5, 'Lapangan 1', '2025-12-03 17:00:00'),
(376, 6, 'Lapangan 2', '2025-12-04 18:00:00'),
(377, 7, 'Lapangan 3', '2025-12-05 19:00:00'),
(378, 8, 'Lapangan 4', '2025-12-06 20:00:00'),
(379, 9, 'Lapangan 5', '2025-12-07 07:00:00'),
(380, 10, 'Lapangan 6', '2025-12-08 08:00:00'),
(381, 1, 'Lapangan 7', '2025-12-09 09:00:00'),
(382, 2, 'Lapangan 8', '2025-12-10 10:00:00'),
(383, 3, 'Lapangan 10', '2025-12-11 11:00:00'),
(384, 4, 'Lapangan 1', '2025-12-12 12:00:00'),
(385, 5, 'Lapangan 2', '2025-12-13 13:00:00'),
(386, 6, 'Lapangan 3', '2025-12-14 14:00:00'),
(387, 7, 'Lapangan 4', '2025-11-14 15:00:00'),
(388, 8, 'Lapangan 5', '2025-11-15 16:00:00'),
(389, 9, 'Lapangan 6', '2025-11-16 17:00:00'),
(390, 10, 'Lapangan 7', '2025-11-17 18:00:00'),
(391, 1, 'Lapangan 8', '2025-11-18 19:00:00'),
(392, 2, 'Lapangan 9', '2025-11-19 11:00:00'),
(393, 3, 'Lapangan 1', '2025-11-20 12:00:00'),
(394, 4, 'Lapangan 2', '2025-11-21 15:00:00'),
(395, 5, 'Lapangan 3', '2025-11-22 16:00:00'),
(396, 6, 'Lapangan 4', '2025-11-23 17:00:00'),
(397, 7, 'Lapangan 5', '2025-11-24 18:00:00'),
(398, 8, 'Lapangan 6', '2025-11-25 19:00:00'),
(399, 9, 'Lapangan 7', '2025-11-26 20:00:00'),
(400, 10, 'Lapangan 8', '2025-11-27 21:00:00'),
(401, 5, 'Lapangan 1', '2025-11-14 07:00:00'),
(402, 9, 'Lapangan 3', '2025-11-15 08:00:00'),
(403, 2, 'Lapangan 5', '2025-11-16 09:00:00'),
(404, 7, 'Lapangan 7', '2025-11-17 10:00:00'),
(405, 4, 'Lapangan 9', '2025-11-18 11:00:00'),
(406, 10, 'Lapangan 2', '2025-11-19 12:00:00'),
(407, 1, 'Lapangan 4', '2025-11-20 13:00:00'),
(408, 6, 'Lapangan 6', '2025-11-21 14:00:00'),
(409, 3, 'Lapangan 8', '2025-11-22 15:00:00'),
(410, 8, 'Lapangan 10', '2025-11-23 16:00:00'),
(411, 5, 'Lapangan 2', '2025-11-24 17:00:00'),
(412, 9, 'Lapangan 4', '2025-11-25 18:00:00'),
(413, 2, 'Lapangan 6', '2025-11-26 10:00:00'),
(414, 7, 'Lapangan 8', '2025-11-27 11:00:00'),
(415, 4, 'Lapangan 10', '2025-11-28 12:00:00'),
(416, 10, 'Lapangan 1', '2025-11-29 13:00:00'),
(417, 1, 'Lapangan 3', '2025-11-30 14:00:00'),
(418, 6, 'Lapangan 5', '2025-12-01 15:00:00'),
(419, 3, 'Lapangan 7', '2025-12-02 16:00:00'),
(420, 8, 'Lapangan 9', '2025-12-03 17:00:00'),
(421, 5, 'Lapangan 1', '2025-12-04 18:00:00'),
(422, 9, 'Lapangan 2', '2025-12-05 19:00:00'),
(423, 2, 'Lapangan 3', '2025-12-06 07:00:00'),
(424, 7, 'Lapangan 4', '2025-12-07 08:00:00'),
(425, 4, 'Lapangan 5', '2025-12-08 09:00:00'),
(426, 10, 'Lapangan 6', '2025-12-09 10:00:00'),
(427, 1, 'Lapangan 7', '2025-12-10 11:00:00'),
(428, 6, 'Lapangan 8', '2025-12-11 12:00:00'),
(429, 3, 'Lapangan 9', '2025-12-12 13:00:00'),
(430, 8, 'Lapangan 10', '2025-12-13 14:00:00'),
(431, 5, 'Lapangan 3', '2025-12-14 15:00:00'),
(432, 9, 'Lapangan 5', '2025-11-14 16:00:00'),
(433, 2, 'Lapangan 7', '2025-11-15 17:00:00'),
(434, 7, 'Lapangan 9', '2025-11-16 18:00:00'),
(435, 4, 'Lapangan 1', '2025-11-17 10:00:00'),
(436, 10, 'Lapangan 3', '2025-11-18 11:00:00'),
(437, 1, 'Lapangan 5', '2025-11-19 12:00:00'),
(438, 6, 'Lapangan 7', '2025-11-20 13:00:00'),
(439, 3, 'Lapangan 9', '2025-11-21 14:00:00'),
(440, 8, 'Lapangan 1', '2025-11-22 15:00:00'),
(441, 5, 'Lapangan 4', '2025-11-23 16:00:00'),
(442, 9, 'Lapangan 6', '2025-11-24 17:00:00'),
(443, 2, 'Lapangan 8', '2025-11-25 18:00:00'),
(444, 7, 'Lapangan 10', '2025-11-26 19:00:00'),
(445, 4, 'Lapangan 2', '2025-11-27 13:00:00'),
(446, 10, 'Lapangan 4', '2025-11-28 14:00:00'),
(447, 1, 'Lapangan 6', '2025-11-29 15:00:00'),
(448, 6, 'Lapangan 8', '2025-11-30 16:00:00'),
(449, 3, 'Lapangan 10', '2025-12-01 17:00:00'),
(450, 8, 'Lapangan 2', '2025-12-02 18:00:00'),
(451, 5, 'Lapangan 5', '2025-12-03 19:00:00'),
(452, 9, 'Lapangan 7', '2025-12-04 07:00:00'),
(453, 2, 'Lapangan 9', '2025-12-05 08:00:00'),
(454, 7, 'Lapangan 1', '2025-12-06 09:00:00'),
(455, 4, 'Lapangan 3', '2025-12-07 14:00:00'),
(456, 10, 'Lapangan 5', '2025-12-08 15:00:00'),
(457, 1, 'Lapangan 8', '2025-12-09 16:00:00'),
(458, 6, 'Lapangan 10', '2025-12-10 17:00:00'),
(459, 3, 'Lapangan 1', '2025-12-11 18:00:00'),
(460, 8, 'Lapangan 3', '2025-12-12 19:00:00'),
(461, 5, 'Lapangan 6', '2025-12-13 20:00:00'),
(462, 9, 'Lapangan 8', '2025-12-14 07:00:00'),
(463, 2, 'Lapangan 10', '2025-11-14 08:00:00'),
(464, 7, 'Lapangan 2', '2025-11-15 09:00:00'),
(465, 4, 'Lapangan 4', '2025-11-16 15:00:00'),
(466, 10, 'Lapangan 7', '2025-11-17 16:00:00'),
(467, 1, 'Lapangan 9', '2025-11-18 17:00:00'),
(468, 6, 'Lapangan 1', '2025-11-19 18:00:00'),
(469, 3, 'Lapangan 3', '2025-11-20 19:00:00'),
(470, 8, 'Lapangan 4', '2025-11-21 20:00:00'),
(471, 5, 'Lapangan 7', '2025-11-22 07:00:00'),
(472, 9, 'Lapangan 9', '2025-11-23 08:00:00'),
(473, 2, 'Lapangan 1', '2025-11-24 09:00:00'),
(474, 7, 'Lapangan 3', '2025-11-25 10:00:00'),
(475, 4, 'Lapangan 6', '2025-11-26 16:00:00'),
(476, 10, 'Lapangan 8', '2025-11-27 17:00:00'),
(477, 1, 'Lapangan 10', '2025-11-28 18:00:00'),
(478, 6, 'Lapangan 2', '2025-11-29 19:00:00'),
(479, 3, 'Lapangan 4', '2025-11-30 20:00:00'),
(480, 8, 'Lapangan 5', '2025-12-01 08:00:00'),
(481, 5, 'Lapangan 8', '2025-12-02 09:00:00'),
(482, 9, 'Lapangan 10', '2025-12-03 10:00:00'),
(483, 2, 'Lapangan 2', '2025-12-04 11:00:00'),
(484, 7, 'Lapangan 5', '2025-12-05 12:00:00'),
(485, 4, 'Lapangan 7', '2025-12-06 17:00:00'),
(486, 10, 'Lapangan 9', '2025-12-07 18:00:00'),
(487, 1, 'Lapangan 1', '2025-12-08 19:00:00'),
(488, 6, 'Lapangan 3', '2025-12-09 07:00:00'),
(489, 3, 'Lapangan 5', '2025-12-10 08:00:00'),
(490, 8, 'Lapangan 6', '2025-12-11 09:00:00'),
(491, 5, 'Lapangan 9', '2025-12-12 10:00:00'),
(492, 9, 'Lapangan 1', '2025-12-13 11:00:00'),
(493, 2, 'Lapangan 4', '2025-12-14 12:00:00'),
(494, 7, 'Lapangan 6', '2025-11-14 13:00:00'),
(495, 4, 'Lapangan 8', '2025-11-15 07:00:00'),
(496, 10, 'Lapangan 10', '2025-11-16 08:00:00'),
(497, 1, 'Lapangan 2', '2025-11-17 09:00:00'),
(498, 6, 'Lapangan 4', '2025-11-18 10:00:00'),
(499, 3, 'Lapangan 6', '2025-11-19 11:00:00'),
(500, 8, 'Lapangan 7', '2025-11-20 12:00:00'),
(501, 5, 'Lapangan 10', '2025-11-21 13:00:00'),
(502, 9, 'Lapangan 2', '2025-11-22 14:00:00'),
(503, 2, 'Lapangan 5', '2025-11-23 15:00:00'),
(504, 7, 'Lapangan 7', '2025-11-24 16:00:00'),
(505, 4, 'Lapangan 9', '2025-11-25 17:00:00'),
(506, 10, 'Lapangan 1', '2025-11-26 18:00:00'),
(507, 1, 'Lapangan 3', '2025-11-27 19:00:00'),
(508, 6, 'Lapangan 5', '2025-11-28 07:00:00'),
(509, 3, 'Lapangan 7', '2025-11-29 08:00:00'),
(510, 8, 'Lapangan 8', '2025-11-30 09:00:00'),
(511, 5, 'Lapangan 1', '2025-12-01 10:00:00'),
(512, 9, 'Lapangan 3', '2025-12-02 11:00:00'),
(513, 2, 'Lapangan 6', '2025-12-03 12:00:00'),
(514, 7, 'Lapangan 8', '2025-12-04 13:00:00'),
(515, 4, 'Lapangan 10', '2025-12-05 14:00:00'),
(516, 10, 'Lapangan 2', '2025-12-06 15:00:00'),
(517, 1, 'Lapangan 4', '2025-12-07 16:00:00'),
(518, 6, 'Lapangan 6', '2025-12-08 17:00:00'),
(519, 3, 'Lapangan 8', '2025-12-09 18:00:00'),
(520, 8, 'Lapangan 9', '2025-12-10 19:00:00'),
(521, 5, 'Lapangan 2', '2025-12-11 20:00:00'),
(522, 9, 'Lapangan 4', '2025-12-12 07:00:00'),
(523, 2, 'Lapangan 7', '2025-12-13 08:00:00'),
(524, 7, 'Lapangan 9', '2025-12-14 09:00:00'),
(525, 4, 'Lapangan 1', '2025-11-14 10:00:00'),
(526, 10, 'Lapangan 3', '2025-11-15 11:00:00'),
(527, 1, 'Lapangan 5', '2025-11-16 12:00:00'),
(528, 6, 'Lapangan 7', '2025-11-17 13:00:00'),
(529, 3, 'Lapangan 9', '2025-11-18 14:00:00'),
(530, 8, 'Lapangan 10', '2025-11-19 15:00:00'),
(531, 5, 'Lapangan 3', '2025-11-20 16:00:00'),
(532, 9, 'Lapangan 5', '2025-11-21 17:00:00'),
(533, 2, 'Lapangan 8', '2025-11-22 18:00:00'),
(534, 7, 'Lapangan 10', '2025-11-23 19:00:00'),
(535, 4, 'Lapangan 2', '2025-11-24 07:00:00'),
(536, 10, 'Lapangan 4', '2025-11-25 08:00:00'),
(537, 1, 'Lapangan 6', '2025-11-26 09:00:00'),
(538, 6, 'Lapangan 8', '2025-11-27 10:00:00'),
(539, 3, 'Lapangan 10', '2025-11-28 11:00:00'),
(540, 8, 'Lapangan 1', '2025-11-29 12:00:00'),
(541, 5, 'Lapangan 4', '2025-11-30 13:00:00'),
(542, 9, 'Lapangan 6', '2025-12-01 14:00:00'),
(543, 2, 'Lapangan 9', '2025-12-02 15:00:00'),
(544, 7, 'Lapangan 1', '2025-12-03 16:00:00'),
(545, 4, 'Lapangan 3', '2025-12-04 17:00:00'),
(546, 10, 'Lapangan 5', '2025-12-05 18:00:00'),
(547, 1, 'Lapangan 7', '2025-12-06 19:00:00'),
(548, 6, 'Lapangan 9', '2025-12-07 07:00:00'),
(549, 3, 'Lapangan 1', '2025-12-08 08:00:00'),
(550, 8, 'Lapangan 2', '2025-12-09 09:00:00'),
(551, 5, 'Lapangan 5', '2025-12-10 10:00:00'),
(552, 9, 'Lapangan 7', '2025-12-11 11:00:00'),
(553, 2, 'Lapangan 10', '2025-12-12 12:00:00'),
(554, 7, 'Lapangan 2', '2025-12-13 13:00:00'),
(555, 4, 'Lapangan 4', '2025-12-14 14:00:00'),
(556, 10, 'Lapangan 6', '2025-11-14 15:00:00'),
(557, 1, 'Lapangan 8', '2025-11-15 16:00:00'),
(558, 6, 'Lapangan 10', '2025-11-16 17:00:00'),
(559, 3, 'Lapangan 2', '2025-11-17 18:00:00'),
(560, 8, 'Lapangan 3', '2025-11-18 19:00:00'),
(561, 5, 'Lapangan 6', '2025-11-19 20:00:00'),
(562, 9, 'Lapangan 8', '2025-11-20 07:00:00'),
(563, 2, 'Lapangan 1', '2025-11-21 08:00:00'),
(564, 7, 'Lapangan 3', '2025-11-22 09:00:00'),
(565, 4, 'Lapangan 5', '2025-11-23 10:00:00'),
(566, 10, 'Lapangan 7', '2025-11-24 11:00:00'),
(567, 1, 'Lapangan 9', '2025-11-25 12:00:00'),
(568, 6, 'Lapangan 1', '2025-11-26 13:00:00'),
(569, 3, 'Lapangan 3', '2025-11-27 14:00:00'),
(570, 8, 'Lapangan 4', '2025-11-28 15:00:00'),
(571, 5, 'Lapangan 7', '2025-11-29 16:00:00'),
(572, 9, 'Lapangan 9', '2025-11-30 17:00:00'),
(573, 2, 'Lapangan 2', '2025-12-01 18:00:00'),
(574, 7, 'Lapangan 4', '2025-12-02 19:00:00'),
(575, 4, 'Lapangan 6', '2025-12-03 07:00:00'),
(576, 10, 'Lapangan 8', '2025-12-04 08:00:00'),
(577, 1, 'Lapangan 10', '2025-12-05 09:00:00'),
(578, 6, 'Lapangan 2', '2025-12-06 10:00:00'),
(579, 3, 'Lapangan 4', '2025-12-07 11:00:00'),
(580, 8, 'Lapangan 5', '2025-12-08 12:00:00'),
(581, 5, 'Lapangan 8', '2025-12-09 13:00:00'),
(582, 9, 'Lapangan 10', '2025-12-10 14:00:00'),
(583, 2, 'Lapangan 3', '2025-12-11 15:00:00'),
(584, 7, 'Lapangan 5', '2025-12-12 16:00:00'),
(585, 4, 'Lapangan 7', '2025-12-13 17:00:00'),
(586, 10, 'Lapangan 9', '2025-12-14 18:00:00'),
(587, 1, 'Lapangan 1', '2025-11-14 19:00:00'),
(588, 6, 'Lapangan 3', '2025-11-15 07:00:00'),
(589, 3, 'Lapangan 5', '2025-11-16 08:00:00'),
(590, 8, 'Lapangan 6', '2025-11-17 09:00:00'),
(591, 5, 'Lapangan 9', '2025-11-18 10:00:00'),
(592, 9, 'Lapangan 1', '2025-11-19 11:00:00'),
(593, 2, 'Lapangan 4', '2025-11-20 12:00:00'),
(594, 7, 'Lapangan 6', '2025-11-21 13:00:00'),
(595, 4, 'Lapangan 8', '2025-11-22 14:00:00'),
(596, 10, 'Lapangan 10', '2025-11-23 15:00:00'),
(597, 1, 'Lapangan 2', '2025-11-24 16:00:00'),
(598, 6, 'Lapangan 4', '2025-11-25 17:00:00'),
(599, 8, 'Lapangan 1', '2025-11-14 08:00:00'),
(600, 3, 'Lapangan 3', '2025-11-15 09:00:00'),
(601, 10, 'Lapangan 5', '2025-11-16 10:00:00'),
(602, 5, 'Lapangan 7', '2025-11-17 11:00:00'),
(603, 1, 'Lapangan 9', '2025-11-18 12:00:00'),
(604, 7, 'Lapangan 2', '2025-11-19 13:00:00'),
(605, 2, 'Lapangan 4', '2025-11-20 14:00:00'),
(606, 9, 'Lapangan 6', '2025-11-21 15:00:00'),
(607, 4, 'Lapangan 8', '2025-11-22 16:00:00'),
(608, 6, 'Lapangan 10', '2025-11-23 17:00:00'),
(609, 8, 'Lapangan 2', '2025-11-24 18:00:00'),
(610, 3, 'Lapangan 4', '2025-11-25 19:00:00'),
(611, 10, 'Lapangan 6', '2025-11-26 20:00:00'),
(612, 5, 'Lapangan 8', '2025-11-27 07:00:00'),
(613, 1, 'Lapangan 10', '2025-11-28 08:00:00'),
(614, 7, 'Lapangan 1', '2025-11-29 09:00:00'),
(615, 2, 'Lapangan 3', '2025-11-30 10:00:00'),
(616, 9, 'Lapangan 5', '2025-12-01 11:00:00'),
(617, 4, 'Lapangan 7', '2025-12-02 12:00:00'),
(618, 6, 'Lapangan 9', '2025-12-03 13:00:00'),
(619, 8, 'Lapangan 3', '2025-12-04 14:00:00'),
(620, 3, 'Lapangan 5', '2025-12-05 15:00:00'),
(621, 10, 'Lapangan 7', '2025-12-06 16:00:00'),
(622, 5, 'Lapangan 9', '2025-12-07 17:00:00'),
(623, 1, 'Lapangan 1', '2025-12-08 18:00:00'),
(624, 7, 'Lapangan 3', '2025-12-09 19:00:00'),
(625, 2, 'Lapangan 5', '2025-12-10 07:00:00'),
(626, 9, 'Lapangan 7', '2025-12-11 08:00:00'),
(627, 4, 'Lapangan 9', '2025-12-12 09:00:00'),
(628, 6, 'Lapangan 1', '2025-12-13 10:00:00'),
(629, 8, 'Lapangan 4', '2025-12-14 11:00:00'),
(630, 3, 'Lapangan 6', '2025-11-14 12:00:00'),
(631, 10, 'Lapangan 8', '2025-11-15 13:00:00'),
(632, 5, 'Lapangan 10', '2025-11-16 14:00:00'),
(633, 1, 'Lapangan 2', '2025-11-17 15:00:00'),
(634, 7, 'Lapangan 4', '2025-11-18 16:00:00'),
(635, 2, 'Lapangan 6', '2025-11-19 17:00:00'),
(636, 9, 'Lapangan 8', '2025-11-20 18:00:00'),
(637, 4, 'Lapangan 10', '2025-11-21 07:00:00'),
(638, 6, 'Lapangan 2', '2025-11-22 08:00:00'),
(639, 8, 'Lapangan 5', '2025-11-23 09:00:00'),
(640, 3, 'Lapangan 7', '2025-11-24 10:00:00'),
(641, 10, 'Lapangan 9', '2025-11-25 11:00:00'),
(642, 5, 'Lapangan 1', '2025-11-26 12:00:00'),
(643, 1, 'Lapangan 3', '2025-11-27 13:00:00'),
(644, 7, 'Lapangan 5', '2025-11-28 14:00:00'),
(645, 2, 'Lapangan 7', '2025-11-29 15:00:00'),
(646, 9, 'Lapangan 9', '2025-11-30 16:00:00'),
(647, 4, 'Lapangan 1', '2025-12-01 17:00:00'),
(648, 6, 'Lapangan 3', '2025-12-02 18:00:00');

-- --------------------------------------------------------

--
-- Struktur dari tabel `link_gambar`
--

CREATE TABLE `link_gambar` (
  `gambar_id` int(11) NOT NULL,
  `venue_id` int(11) NOT NULL,
  `url_gambar` varchar(500) NOT NULL
) ENGINE=InnoDB DEFAULT CHARSET=utf8mb4 COLLATE=utf8mb4_general_ci;

--
-- Dumping data untuk tabel `link_gambar`
--

INSERT INTO `link_gambar` (`gambar_id`, `venue_id`, `url_gambar`) VALUES
(1, 5, 'https://admin.saraga.id/storage/images/gor-djaya-4_1632499568.jpg'),
(2, 5, 'https://admin.saraga.id/storage/images/gor-djaya-2_1632499587.jpg'),
(3, 5, 'https://admin.saraga.id/storage/images/gor-djaya-3_1632499611.jpg'),
(4, 5, 'https://admin.saraga.id/storage/images/gor-djaya-1_1632499623.jpg'),
(5, 1, 'https://admin.saraga.id/storage/images/20200816-231058-1597656038_1624531128.jpg'),
(6, 1, 'https://admin.saraga.id/storage/images/20200816-231058-1597656038_1624531128.jpg'),
(7, 1, 'https://i.ytimg.com/vi/qeoFkYTGGpQ/maxresdefault.jpg?sqp=-oaymwEmCIAKENAF8quKqQMa8AEB-AH-CYAC0AWKAgwIABABGEsgZShcMA8=&rs=AOn4CLBaIn6msqd3sYtFCEEViJ27KpyrHw'),
(8, 1, 'https://blog.cove.id/content/images/2023/04/tunas-bugar.webp'),
(9, 2, 'https://admin.saraga.id/storage/images/pola-bugar-1_1633452366.jpg'),
(10, 2, 'https://jendela360.com/info/wp-content/uploads/2025/02/grand-sport-center-kuningan.jpg'),
(11, 2, 'https://jendela360.com/info/wp-content/uploads/2025/02/magna-badminton-hall.jpg'),
(12, 2, 'https://blogger.googleusercontent.com/img/b/R29vZ2xl/AVvXsEjJ1n2TTVPbp0qLyO26xef8OVCVBJda50La3mzquQ5a_aYGQoOh79QTQckXj9E-B9JDwp9ixsX7lpCotVmbxvgQYZchKDf5XugjeCn-DSaOyk7DXaPr0qrs1bBhivg_b13Zx0ywMMA2zog/w1200-h630-p-k-no-nu/Lapangan+Bulutangkis+Di+Jakarta+Barat+-+Pola+Bugar+Sports+Club.jpg'),
(13, 3, 'https://admin.saraga.id/storage/images/tangkas-2_1634659937.jpg'),
(14, 3, 'https://asset.ayo.co.id/image/venue/174356645647282.image_cropper_B7D9A729-DEAB-4653-9509-F02E1C261D21-4515-0000024F8B26E9F1.jpg.jpeg'),
(15, 3, 'https://asset.ayo.co.id/image/venue-field/174393421071346.image_cropper_2FCD2349-D1D6-483D-A03F-608778448C99-2170-0000009971576364.jpg.jpeg'),
(16, 3, 'https://media.licdn.com/dms/image/v2/D4E16AQFWQ2BNZ2Td-A/profile-displaybackgroundimage-shrink_200_800/profile-displaybackgroundimage-shrink_200_800/0/1669987857393?e=2147483647&v=beta&t=sdisEbxk7uMZsxxjQRRu97x8ryvDp2A9HSuKTzXtxdY'),
(17, 4, 'https://admin.saraga.id/storage/images/2_1704282028.jpg'),
(18, 4, 'https://www.kemdikbud.co.id/data/wp-content/uploads/2023/06/gor-h1-badminton-medan-1-in-kota-medan-1686604925.jpeg'),
(19, 4, 'https://encrypted-tbn0.gstatic.com/images?q=tbn:ANd9GcSJanT_3aWxO5anW8-VF5QeePLpLjz-3JKK1A&s'),
(20, 4, 'https://ik.imagekit.io/tvlk/blog/2024/07/j4Lben0A-image.png?tr=q-70,c-at_max,w-500,h-300,dpr-2'),
(21, 6, 'https://admin.saraga.id/storage/images/diaz-badminton-hall_1632500315.jpg'),
(22, 6, 'https://admin.saraga.id/storage/images/diaz-badminton-hall-3_1632500372.jpg'),
(23, 6, 'https://admin.saraga.id/storage/images/img-20210924-wa0001_1632500386.jpg'),
(24, 6, 'https://admin.saraga.id/storage/images/diaz-badminton-hall-2_1632500401.jpg'),
(25, 7, 'https://admin.saraga.id/storage/images/garuda-badminton-3_1633971689.jpg'),
(26, 7, 'https://admin.saraga.id/storage/images/garuda-badminton-5-compress1_1634056904.jpg'),
(27, 7, 'https://admin.saraga.id/storage/images/garuda-badminton-6-compress1_1634056932.jpg'),
(28, 7, 'https://admin.saraga.id/storage/images/garuda-badminton-3-compress1_1634056839.jpg'),
(29, 8, 'https://encrypted-tbn0.gstatic.com/images?q=tbn:ANd9GcTeBdrwTlyzei4WXzffATbPdFSXnfheNRN2rw&s'),
(30, 8, 'https://admin.saraga.id/storage/images/gor-mikasa-1_1701253917.jpg'),
(31, 8, 'https://encrypted-tbn0.gstatic.com/images?q=tbn:ANd9GcShsvmzWl7a3L4D1n973QmF00rW-AflJrHKWw&s'),
(32, 8, 'https://mediaini.com/wp-content/uploads/2022/04/8-Rekomendasi-Lapangan-Badminton-di-Surabaya-yang-Cocok-untuk-Ajang-Pertandingan-Bulu-Tangkis-1.jpg'),
(33, 9, 'https://asset.ayo.co.id/image/venue/170276787299250.image_cropper_1702767857175_large.jpg'),
(34, 9, 'https://asset.ayo.co.id/image/venue/170262420858452.image_cropper_1702624084885_medium.jpg'),
(35, 9, 'https://asset.ayo.co.id/image/venue/170276683034870.image_cropper_1702766821363_medium.jpg'),
(36, 9, 'https://encrypted-tbn0.gstatic.com/images?q=tbn:ANd9GcTEE19xNr1IwEINscYLWyi_PeVAP1aH-TTGIQ&s'),
(37, 10, 'https://encrypted-tbn0.gstatic.com/images?q=tbn:ANd9GcQG5zlsYHO_7MCVyEuC5WnroQ_P6Agtj9gjyQ&s'),
(38, 10, 'https://direktori.vokasi.unair.ac.id/wp-content/uploads/2024/07/image-26-1-840x450.png'),
(39, 10, 'https://alamat.co.id/files/12-2023/ad1758/gor-juwingan-927626055.webp'),
(40, 10, 'https://alamat.co.id/files/12-2023/ad1777/lapangan-badminton-talia-1791592081.webp');

-- --------------------------------------------------------

--
-- Struktur dari tabel `mabar`
--

CREATE TABLE `mabar` (
  `mabar_id` int(11) NOT NULL,
  `venue_id` int(11) NOT NULL,
  `judul` varchar(70) NOT NULL,
  `level_minimum` varchar(20) NOT NULL,
  `level_maksimum` varchar(20) NOT NULL,
  `tanggal` datetime NOT NULL,
  `jam_mulai` time NOT NULL,
  `jam_selesai` time NOT NULL,
  `harga` decimal(10,0) NOT NULL,
  `capacity` int(11) NOT NULL
) ENGINE=InnoDB DEFAULT CHARSET=utf8mb4 COLLATE=utf8mb4_general_ci;

--
-- Dumping data untuk tabel `mabar`
--

INSERT INTO `mabar` (`mabar_id`, `venue_id`, `judul`, `level_minimum`, `level_maksimum`, `tanggal`, `jam_mulai`, `jam_selesai`, `harga`, `capacity`) VALUES
(1, 1, 'Mabar Seru Pagi Hari', 'Beginner', 'Intermediate', '2025-10-21 07:00:00', '07:00:00', '09:00:00', 50000, 10),
(2, 2, 'Latihan Bareng Cahaya Sport', 'Intermediate', 'Advanced', '2025-10-22 08:00:00', '08:00:00', '10:00:00', 60000, 8),
(3, 3, 'Fun Match Weekend', 'Beginner', 'Advanced', '2025-10-26 09:00:00', '09:00:00', '11:00:00', 75000, 12),
(4, 4, 'Main Sore Santai', 'Beginner', 'Intermediate', '2025-10-24 15:00:00', '15:00:00', '17:00:00', 40000, 6),
(5, 5, 'Turnamen Mini GOR Wijaya', 'Intermediate', 'Advanced', '2025-10-27 10:00:00', '10:00:00', '12:00:00', 90000, 16),
(6, 6, 'Mabar Birdie Club Seru', 'Beginner', 'Intermediate', '2025-10-25 13:00:00', '13:00:00', '15:00:00', 50000, 10),
(7, 7, 'Latihan Ganda Pria', 'Intermediate', 'Advanced', '2025-10-26 16:00:00', '16:00:00', '18:00:00', 70000, 8),
(8, 8, 'Open Play Smash Pro', 'Beginner', 'Advanced', '2025-10-27 19:00:00', '19:00:00', '21:00:00', 65000, 10),
(9, 9, 'Friendly Match Net King', 'Intermediate', 'Advanced', '2025-10-28 09:00:00', '09:00:00', '11:00:00', 80000, 12),
(10, 10, 'Adu Skill Raket Prima', 'Beginner', 'Advanced', '2025-10-29 14:00:00', '14:00:00', '16:00:00', 75000, 10),
(11, 1, 'Mabar Malam Santai', 'Beginner', 'Intermediate', '2025-10-23 19:00:00', '19:00:00', '21:00:00', 60000, 10);

-- --------------------------------------------------------

--
-- Struktur dari tabel `mabar_participant`
--

CREATE TABLE `mabar_participant` (
  `user_Id` int(11) NOT NULL,
  `mabar_id` int(11) NOT NULL,
  `status` enum('host','member') NOT NULL
) ENGINE=InnoDB DEFAULT CHARSET=utf8mb4 COLLATE=utf8mb4_general_ci;

--
-- Dumping data untuk tabel `mabar_participant`
--

INSERT INTO `mabar_participant` (`user_Id`, `mabar_id`, `status`) VALUES
(5, 9, 'host'),
(4, 11, 'member'),
(2, 3, 'member'),
(5, 11, 'host'),
(3, 11, 'member'),
(1, 5, 'member'),
(3, 10, 'member'),
(3, 3, 'member'),
(5, 4, 'member'),
(2, 6, 'host'),
(1, 7, 'member'),
(4, 8, 'host'),
(3, 9, 'member'),
(1, 10, 'host'),
(5, 1, 'member'),
(11, 1, 'member'),
(2, 1, 'host'),
(6, 1, 'member'),
(10, 1, 'member'),
(5, 2, 'host'),
(7, 2, 'member'),
(4, 2, 'member'),
(9, 2, 'member'),
(4, 3, 'host'),
(10, 3, 'member'),
(11, 3, 'member'),
(6, 4, 'host'),
(11, 4, 'member'),
(8, 4, 'member'),
(7, 5, 'host'),
(11, 5, 'member'),
(9, 4, 'member'),
(6, 5, 'member'),
(5, 6, 'member'),
(6, 6, 'member'),
(4, 6, 'member'),
(3, 6, 'member'),
(2, 7, 'host'),
(11, 7, 'member'),
(4, 7, 'member'),
(10, 7, 'member'),
(6, 7, 'member'),
(3, 5, 'member'),
(2, 5, 'member'),
(7, 1, 'member'),
(3, 1, 'member'),
(11, 8, 'member'),
(7, 8, 'member'),
(8, 8, 'member'),
(10, 8, 'member'),
(1, 8, 'member'),
(2, 8, 'member'),
(4, 9, 'member'),
(1, 9, 'member'),
(9, 9, 'member'),
(11, 9, 'member'),
(6, 9, 'member'),
(7, 9, 'member'),
(2, 10, 'member'),
(9, 10, 'member'),
(7, 10, 'member'),
(5, 10, 'member'),
(6, 10, 'member'),
(10, 10, 'member'),
(6, 11, 'member'),
(10, 11, 'member'),
(1, 11, 'member'),
(9, 11, 'member');

-- --------------------------------------------------------

--
-- Struktur dari tabel `notifikasi`
--

CREATE TABLE `notifikasi` (
  `notif_id` int(11) NOT NULL,
  `pesan` varchar(100) NOT NULL,
  `pengirim` varchar(50) NOT NULL,
  `tanggal` date NOT NULL
) ENGINE=InnoDB DEFAULT CHARSET=utf8mb4 COLLATE=utf8mb4_general_ci;

--
-- Dumping data untuk tabel `notifikasi`
--

INSERT INTO `notifikasi` (`notif_id`, `pesan`, `pengirim`, `tanggal`) VALUES
(1, '🎉 Welcome to GORKITA! Terima kasih sudah bergabung. Yuk, mulai jelajahi sekarang!', 'GOR Kita', '2025-10-23');

-- --------------------------------------------------------

--
-- Struktur dari tabel `sparring`
--

CREATE TABLE `sparring` (
  `sparring_id` int(11) NOT NULL,
  `venue_id` int(11) NOT NULL,
  `tanggal` date NOT NULL,
  `minimum_available_time` time NOT NULL,
  `maximum_available_time` time NOT NULL,
  `provinsi` varchar(50) NOT NULL,
  `kota` varchar(50) NOT NULL,
  `kategori` enum('tunggal pria','ganda pria','tunggal wanita','ganda wanita','ganda campuran') NOT NULL,
  `nama_tim` varchar(50) NOT NULL
) ENGINE=InnoDB DEFAULT CHARSET=utf8mb4 COLLATE=utf8mb4_general_ci;

--
-- Dumping data untuk tabel `sparring`
--

INSERT INTO `sparring` (`sparring_id`, `venue_id`, `tanggal`, `minimum_available_time`, `maximum_available_time`, `provinsi`, `kota`, `kategori`, `nama_tim`) VALUES
(1, 1, '2025-10-21', '07:00:00', '09:00:00', 'Jawa Timur', 'Surabaya', 'ganda pria', 'All For One'),
(2, 2, '2025-10-22', '08:00:00', '10:00:00', 'Jawa Barat', 'Bandung', 'tunggal wanita', 'One For All'),
(3, 3, '2025-10-23', '09:00:00', '11:00:00', 'DKI Jakarta', 'Jakarta', 'ganda campuran', 'Full Power'),
(4, 4, '2025-10-24', '10:00:00', '12:00:00', 'DI Yogyakarta', 'Yogyakarta', 'tunggal pria', 'Super Crazy'),
(5, 5, '2025-10-25', '13:00:00', '15:00:00', 'Jawa Timur', 'Malang', 'ganda pria', 'Cook Duel'),
(6, 6, '2025-10-26', '15:00:00', '17:00:00', 'Jawa Timur', 'Malang', 'tunggal wanita', 'Migthy fight'),
(7, 7, '2025-10-27', '16:00:00', '18:00:00', 'Jawa Tengah', 'Semarang', 'ganda campuran', 'Creepy'),
(8, 8, '2025-10-28', '18:00:00', '20:00:00', 'Sulawesi Selatan', 'Makassar', 'tunggal pria', 'Have Fun'),
(9, 9, '2025-10-29', '09:00:00', '11:00:00', 'Sumatera Utara', 'Medan', 'ganda wanita', 'Main Bareng Gor'),
(10, 10, '2025-10-30', '14:00:00', '16:00:00', 'Jawa Barat', 'Bekasi', 'tunggal pria', 'Fufuf'),
(11, 3, '2025-10-25', '09:00:00', '11:00:00', 'DKI Jakarta', 'Jakarta', 'ganda campuran', 'Izin Serius'),
(12, 2, '2025-11-02', '08:00:00', '10:00:00', 'Jawa Barat', 'Bandung', 'ganda wanita', 'Queen Shot'),
(13, 3, '2025-11-03', '09:00:00', '11:00:00', 'DKI Jakarta', 'Jakarta', 'tunggal wanita', 'Fire Serve'),
(14, 4, '2025-11-04', '10:00:00', '12:00:00', 'DI Yogyakarta', 'Yogyakarta', 'ganda pria', 'Net Warriors'),
(15, 5, '2025-11-05', '13:00:00', '15:00:00', 'Jawa Timur', 'Malang', 'ganda campuran', 'Power Duo'),
(16, 6, '2025-11-06', '15:00:00', '17:00:00', 'Jawa Timur', 'Malang', 'tunggal pria', 'Blue Smashers'),
(17, 7, '2025-11-07', '16:00:00', '18:00:00', 'Jawa Tengah', 'Semarang', 'ganda wanita', 'Lucky Drop'),
(18, 8, '2025-11-08', '18:00:00', '20:00:00', 'Sulawesi Selatan', 'Makassar', 'ganda pria', 'Strong Rally'),
(19, 9, '2025-11-09', '07:30:00', '09:30:00', 'Sumatera Utara', 'Medan', 'tunggal wanita', 'Rapid Ace'),
(20, 10, '2025-11-10', '09:00:00', '11:00:00', 'Bali', 'Denpasar', 'ganda campuran', 'Sunset Smash'),
(21, 1, '2025-11-01', '07:00:00', '09:00:00', 'Jawa Timur', 'Surabaya', 'tunggal pria', 'Speed Smash'),
(22, 1, '2025-11-14', '14:00:00', '00:15:00', 'Sumatera Utara ', 'Medan', 'tunggal pria', 'Izin Serius'),
(23, 6, '2025-11-14', '03:12:00', '15:00:00', 'Sumatera Utara ', 'Medan', 'ganda pria', 'Izin serius 2');

-- --------------------------------------------------------

--
-- Struktur dari tabel `sparring_history`
--

CREATE TABLE `sparring_history` (
  `sparring_id` int(11) NOT NULL,
  `skor_set1` int(11) NOT NULL,
  `skor_set2` int(11) DEFAULT NULL,
  `skor_set3` int(11) DEFAULT NULL,
  `skor_set1b` int(11) NOT NULL,
  `skor_set2b` int(11) DEFAULT NULL,
  `skor_set3b` int(11) DEFAULT NULL
) ENGINE=InnoDB DEFAULT CHARSET=utf8mb4 COLLATE=utf8mb4_general_ci;

--
-- Dumping data untuk tabel `sparring_history`
--

INSERT INTO `sparring_history` (`sparring_id`, `skor_set1`, `skor_set2`, `skor_set3`, `skor_set1b`, `skor_set2b`, `skor_set3b`) VALUES
(1, 21, 19, NULL, 18, 16, NULL),
(2, 18, 21, 17, 14, 20, 12),
(3, 21, 15, 21, 15, 12, 19),
(4, 21, 18, NULL, 16, 13, NULL),
(5, 19, 21, 22, 13, 17, 20),
(6, 21, 21, NULL, 20, 19, NULL),
(7, 20, 22, 15, 14, 21, 9),
(8, 21, 19, 21, 15, 12, 11),
(9, 22, 18, NULL, 15, 8, NULL),
(10, 21, 21, NULL, 12, 18, NULL),
(11, 21, 20, NULL, 16, 14, NULL);

-- --------------------------------------------------------

--
-- Struktur dari tabel `sparring_participant`
--

CREATE TABLE `sparring_participant` (
  `user_Id` int(11) NOT NULL,
  `sparring_id` int(11) NOT NULL,
  `isOpponent` tinyint(1) NOT NULL
) ENGINE=InnoDB DEFAULT CHARSET=utf8mb4 COLLATE=utf8mb4_general_ci;

--
-- Dumping data untuk tabel `sparring_participant`
--

INSERT INTO `sparring_participant` (`user_Id`, `sparring_id`, `isOpponent`) VALUES
(5, 1, 0),
(1, 1, 1),
(2, 1, 1),
(10, 1, 0),
(6, 2, 0),
(11, 2, 1),
(4, 3, 0),
(6, 3, 0),
(10, 3, 1),
(9, 3, 1),
(1, 4, 0),
(2, 4, 1),
(1, 5, 0),
(3, 5, 0),
(5, 5, 1),
(2, 5, 1),
(11, 6, 0),
(9, 6, 1),
(4, 7, 0),
(8, 7, 0),
(2, 7, 1),
(7, 7, 1),
(10, 8, 0),
(2, 8, 1),
(8, 9, 0),
(6, 9, 0),
(7, 9, 1),
(11, 9, 1),
(5, 10, 0),
(4, 10, 1),
(10, 11, 0),
(8, 11, 0),
(5, 11, 1),
(6, 11, 1),
(6, 12, 0),
(7, 12, 0),
(9, 13, 0),
(5, 14, 0),
(10, 14, 0),
(11, 15, 0),
(1, 15, 0),
(2, 16, 0),
(8, 17, 0),
(11, 17, 0),
(2, 18, 0),
(4, 18, 0),
(6, 19, 0),
(9, 20, 0),
(11, 20, 0),
(10, 21, 0),
(12, 22, 0),
(12, 23, 0),
(1, 23, 0);

-- --------------------------------------------------------

--
-- Struktur dari tabel `user`
--

CREATE TABLE `user` (
  `user_id` int(11) NOT NULL,
  `name` varchar(255) NOT NULL,
  `email` varchar(255) NOT NULL,
  `password` varchar(50) NOT NULL,
  `phone` varchar(20) NOT NULL,
  `level_skill` varchar(50) NOT NULL,
  `balance` double DEFAULT 0,
  `photo_url` varchar(500) DEFAULT NULL,
  `isEmailVerif` tinyint(1) DEFAULT 0,
  `verifCode` varchar(6) DEFAULT NULL,
  `codeExpiry` time DEFAULT NULL,
  `createdAt` datetime DEFAULT current_timestamp(),
  `updatedAt` datetime DEFAULT current_timestamp() ON UPDATE current_timestamp()
) ENGINE=InnoDB DEFAULT CHARSET=utf8mb4 COLLATE=utf8mb4_general_ci;

--
-- Dumping data untuk tabel `user`
--

INSERT INTO `user` (`user_id`, `name`, `email`, `password`, `phone`, `level_skill`, `balance`, `photo_url`, `isEmailVerif`, `verifCode`, `codeExpiry`, `createdAt`, `updatedAt`) VALUES
(1, 'Anto Tzy', 'antotzy12@gmail.com', 'anto121', '08123456789', 'Intermediate', 0, NULL, 0, NULL, NULL, '2025-10-19 00:14:30', '2025-10-19 00:15:27'),
(2, 'BudiTzy', 'buditzy21@gmail.com', 'abcd1231', '08123453222', 'Beginner', 0, NULL, 0, NULL, NULL, '2025-10-21 20:23:22', '2025-10-28 22:41:20'),
(3, 'Kelopak', 'kelopak@gmail.com', 'kelopak12', '0812343332', 'Intermmediate', 0, NULL, 0, NULL, NULL, '2025-10-21 20:23:22', '2025-10-21 20:23:22'),
(4, 'Hanooman', 'hanoman@gmail.com', 'hanoman232', '08293938243', 'Pro', 0, NULL, 0, NULL, NULL, '2025-10-21 20:25:20', '2025-10-21 20:25:20'),
(5, 'alvinkun', 'alvinkun23@gmail.com', '2025fufuf', '082929494943', 'Pro', 0, NULL, 0, NULL, NULL, '2025-10-21 20:26:10', '2025-10-21 20:26:10'),
(6, 'namichawn', 'namicha2@gmail.com', 'nami213', '081234567345', 'Advanced', 0, NULL, 0, NULL, NULL, '2025-10-21 22:58:50', '2025-10-21 22:58:50'),
(7, 'putrichn', 'putri02@gmail.com', 'potri121', '0829393223', 'Beginner', 0, NULL, 0, NULL, NULL, '2025-10-21 23:00:56', '2025-10-21 23:00:56'),
(8, 'salsamov', 'salsaer@yahoo.co.id', 'salsawoi2', '08765321111', 'Beginner', 0, NULL, 0, NULL, NULL, '2025-10-21 23:12:42', '2025-10-21 23:12:42'),
(9, 'widya543', 'widyaomke@gmail.com', 'widya121', '08136274822', 'Pro', 0, NULL, 0, NULL, NULL, '2025-10-22 00:08:09', '2025-10-22 00:08:09'),
(10, 'tony', 'chopatony2@gmail.com', 'tony2311', '08272749323', 'Beginner', 0, NULL, 0, NULL, NULL, '2025-10-22 00:09:09', '2025-10-22 00:09:09'),
(11, 'natasya', 'natasyaz21@gmail.com', '1234562', '081234532223', 'Beginner', 0, NULL, 0, NULL, NULL, '2025-10-22 11:33:08', '2025-10-22 11:33:08'),
(12, 'Rian Chandra', 'rian2@gmail.com', 'rian12', '081345757', 'Beginner', 0, NULL, 0, NULL, NULL, '2025-11-14 13:04:24', '2025-11-14 13:04:24'),
(13, 'Christian Chandra ', 'christian.chandra@students.mikroskil.ac.id', 'chris123', '0813434646', 'Beginner', 0, NULL, 0, NULL, NULL, '2025-11-14 13:10:26', '2025-11-14 13:10:26'),
(14, 'rian33', 'rian3@gmail.com', 'rian33', '0815544', 'Beginner', 0, NULL, 0, NULL, NULL, '2025-11-22 15:32:13', '2025-11-22 15:32:13'),
(15, 'rian33', 'rian3@gmail.com', 'rian33', '0815544', 'Beginner', 0, NULL, 0, NULL, NULL, '2025-11-22 15:32:14', '2025-11-22 15:32:14');

-- --------------------------------------------------------

--
-- Struktur dari tabel `venue`
--

CREATE TABLE `venue` (
  `venue_id` int(11) NOT NULL,
  `nama_venue` varchar(255) NOT NULL,
  `alamat` varchar(120) NOT NULL,
  `deskripsi` varchar(200) NOT NULL,
  `kota` varchar(50) NOT NULL,
  `harga_perjam` decimal(10,0) NOT NULL,
  `total_rating` int(11) NOT NULL,
  `jam_operasional` varchar(20) NOT NULL,
  `rating` double NOT NULL,
  `status` tinyint(1) NOT NULL
) ENGINE=InnoDB DEFAULT CHARSET=utf8mb4 COLLATE=utf8mb4_general_ci;

--
-- Dumping data untuk tabel `venue`
--

INSERT INTO `venue` (`venue_id`, `nama_venue`, `alamat`, `deskripsi`, `kota`, `harga_perjam`, `total_rating`, `jam_operasional`, `rating`, `status`) VALUES
(1, 'GOR Bung Tomo', 'Jl. Raya Benowo No.1, Surabaya, Jawa Timur', 'GOR Bung towo menyediakan lapangan yang banyak untuk bermain badminton, didirikan oleh Bung Benowo', 'Surabaya', 100000, 233, '08:00 - 22:00', 4.8, 0),
(2, 'Gor Cahaya Sport', 'Jl. Merpati No. 12, Bandung', 'Gor khusus badminton dengan 4 lapangan karpet sintetik dan pencahayaan LED.', 'Bandung', 85000, 128, '07.00 - 19.00', 4.6, 1),
(3, 'Tangkas Sports Badminton', 'Jl. Raya Sudirman No. 56, Jakarta', 'Lapangan badminton berstandar turnamen nasional, tersedia ruang ganti dan kantin.', 'Jakarta', 120000, 245, '08.00 - 22.00', 4.8, 1),
(4, 'Gor Citra Abadi', 'Jl. Melati No. 5, Yogyakarta', 'Tempat latihan bulutangkis dengan 3 lapangan vinyl dan pelatih profesional.', 'Yogyakarta', 70000, 96, '06.30 - 18.00', 4.3, 1),
(5, 'GOR Wijaya', 'Jl. Diponegoro No. 33, Malang', 'Gor badminton modern dengan fasilitas parkir luas dan area tunggu nyaman.', 'Malang', 60000, 80, '07.00 - 21.00', 4.1, 1),
(6, 'Gor Birdie Club', 'Jl. Anggrek No. 9, Malang', 'Lapangan badminton indoor dengan sirkulasi udara baik dan karpet baru.', 'Malang', 80000, 156, '07.00 - 20.00', 4.3, 1),
(7, 'Gor Shuttle Ace', 'Jl. Pandanaran No. 47, Semarang', 'Gor badminton profesional dengan 5 lapangan berlampu LED super terang.', 'Semarang', 100000, 420, '07.30 - 22.00', 4.8, 1),
(8, 'Gor Smash Pro', 'Jl. Hasanuddin No. 33, Makassar', 'Lapangan badminton indoor, cocok untuk latihan intensif dan turnamen.', 'Makassar', 90000, 289, '08.00 - 21.00', 4.5, 1),
(9, 'Gor Net King', 'Jl. Pahlawan No. 88, Medan', 'Tempat latihan badminton dengan karpet standar BWF dan ventilasi alami.', 'Medan', 95000, 260, '07.00 - 20.00', 4.4, 1),
(10, 'Gor Raket Prima', 'Jl. Ahmad Yani No. 20, Bekasi', 'Gor badminton dengan 6 lapangan dan area lounge bagi penonton.', 'Bekasi', 110000, 375, '07.00 - 22.00', 4.7, 0);

-- --------------------------------------------------------

--
-- Struktur dari tabel `venue_facility`
--

CREATE TABLE `venue_facility` (
  `venue_id` int(11) NOT NULL,
  `fasilitas_id` int(11) NOT NULL
) ENGINE=InnoDB DEFAULT CHARSET=utf8mb4 COLLATE=utf8mb4_general_ci;

--
-- Dumping data untuk tabel `venue_facility`
--

INSERT INTO `venue_facility` (`venue_id`, `fasilitas_id`) VALUES
(1, 1),
(3, 5),
(3, 6),
(4, 7),
(5, 8),
(7, 10),
(1, 10),
(1, 4),
(1, 2),
(1, 9),
(1, 8),
(1, 11),
(2, 6),
(2, 1),
(1, 5),
(2, 4),
(2, 5),
(2, 3),
(2, 7),
(2, 2),
(2, 9),
(3, 3),
(3, 7),
(3, 4),
(3, 8),
(3, 1),
(3, 2),
(3, 11),
(4, 11),
(4, 8),
(4, 1),
(4, 4),
(4, 5),
(4, 2),
(5, 11),
(5, 7),
(5, 6),
(5, 1),
(6, 9),
(6, 5),
(6, 4),
(6, 1),
(6, 11),
(7, 5),
(7, 7),
(7, 1),
(7, 8),
(7, 6),
(8, 4),
(8, 1),
(8, 2),
(8, 5),
(8, 7),
(8, 11),
(8, 6),
(8, 8),
(9, 1),
(9, 2),
(9, 10),
(9, 6),
(9, 11),
(9, 8),
(9, 4),
(10, 2),
(10, 1),
(10, 3),
(10, 8),
(10, 4),
(10, 11);

--
-- Indexes for dumped tables
--

--
-- Indeks untuk tabel `booking`
--
ALTER TABLE `booking`
  ADD PRIMARY KEY (`booking_id`),
  ADD KEY `user_id` (`user_id`),
  ADD KEY `venue_id` (`venue_id`);

--
-- Indeks untuk tabel `facility`
--
ALTER TABLE `facility`
  ADD PRIMARY KEY (`fasilitas_id`);

--
-- Indeks untuk tabel `jadwal`
--
ALTER TABLE `jadwal`
  ADD PRIMARY KEY (`jadwal_id`),
  ADD KEY `venue_id` (`venue_id`);

--
-- Indeks untuk tabel `jadwal_booking`
--
ALTER TABLE `jadwal_booking`
  ADD PRIMARY KEY (`id`),
  ADD KEY `fk_venue` (`venue_id`);

--
-- Indeks untuk tabel `link_gambar`
--
ALTER TABLE `link_gambar`
  ADD PRIMARY KEY (`gambar_id`),
  ADD KEY `venue_gambarfk` (`venue_id`);

--
-- Indeks untuk tabel `mabar`
--
ALTER TABLE `mabar`
  ADD PRIMARY KEY (`mabar_id`);

--
-- Indeks untuk tabel `mabar_participant`
--
ALTER TABLE `mabar_participant`
  ADD KEY `mabar_user_fk` (`user_Id`),
  ADD KEY `mabar_fk` (`mabar_id`);

--
-- Indeks untuk tabel `notifikasi`
--
ALTER TABLE `notifikasi`
  ADD PRIMARY KEY (`notif_id`);

--
-- Indeks untuk tabel `sparring`
--
ALTER TABLE `sparring`
  ADD PRIMARY KEY (`sparring_id`),
  ADD KEY `venue_id` (`venue_id`);

--
-- Indeks untuk tabel `sparring_history`
--
ALTER TABLE `sparring_history`
  ADD KEY `sparring_id` (`sparring_id`);

--
-- Indeks untuk tabel `sparring_participant`
--
ALTER TABLE `sparring_participant`
  ADD KEY `sparring_id` (`sparring_id`),
  ADD KEY `user_Id` (`user_Id`);

--
-- Indeks untuk tabel `user`
--
ALTER TABLE `user`
  ADD PRIMARY KEY (`user_id`);

--
-- Indeks untuk tabel `venue`
--
ALTER TABLE `venue`
  ADD PRIMARY KEY (`venue_id`);

--
-- Indeks untuk tabel `venue_facility`
--
ALTER TABLE `venue_facility`
  ADD KEY `facility_fk` (`fasilitas_id`),
  ADD KEY `venue_facfk` (`venue_id`);

--
-- AUTO_INCREMENT untuk tabel yang dibuang
--

--
-- AUTO_INCREMENT untuk tabel `booking`
--
ALTER TABLE `booking`
  MODIFY `booking_id` int(11) NOT NULL AUTO_INCREMENT;

--
-- AUTO_INCREMENT untuk tabel `facility`
--
ALTER TABLE `facility`
  MODIFY `fasilitas_id` int(11) NOT NULL AUTO_INCREMENT, AUTO_INCREMENT=12;

--
-- AUTO_INCREMENT untuk tabel `jadwal`
--
ALTER TABLE `jadwal`
  MODIFY `jadwal_id` int(11) NOT NULL AUTO_INCREMENT, AUTO_INCREMENT=11;

--
-- AUTO_INCREMENT untuk tabel `jadwal_booking`
--
ALTER TABLE `jadwal_booking`
  MODIFY `id` int(11) NOT NULL AUTO_INCREMENT, AUTO_INCREMENT=649;

--
-- AUTO_INCREMENT untuk tabel `link_gambar`
--
ALTER TABLE `link_gambar`
  MODIFY `gambar_id` int(11) NOT NULL AUTO_INCREMENT, AUTO_INCREMENT=41;

--
-- AUTO_INCREMENT untuk tabel `mabar`
--
ALTER TABLE `mabar`
  MODIFY `mabar_id` int(11) NOT NULL AUTO_INCREMENT, AUTO_INCREMENT=12;

--
-- AUTO_INCREMENT untuk tabel `notifikasi`
--
ALTER TABLE `notifikasi`
  MODIFY `notif_id` int(11) NOT NULL AUTO_INCREMENT, AUTO_INCREMENT=2;

--
-- AUTO_INCREMENT untuk tabel `sparring`
--
ALTER TABLE `sparring`
  MODIFY `sparring_id` int(11) NOT NULL AUTO_INCREMENT, AUTO_INCREMENT=24;

--
-- AUTO_INCREMENT untuk tabel `user`
--
ALTER TABLE `user`
  MODIFY `user_id` int(11) NOT NULL AUTO_INCREMENT, AUTO_INCREMENT=16;

--
-- AUTO_INCREMENT untuk tabel `venue`
--
ALTER TABLE `venue`
  MODIFY `venue_id` int(11) NOT NULL AUTO_INCREMENT, AUTO_INCREMENT=11;

--
-- Ketidakleluasaan untuk tabel pelimpahan (Dumped Tables)
--

--
-- Ketidakleluasaan untuk tabel `booking`
--
ALTER TABLE `booking`
  ADD CONSTRAINT `booking_ibfk_1` FOREIGN KEY (`user_id`) REFERENCES `user` (`user_id`),
  ADD CONSTRAINT `booking_ibfk_2` FOREIGN KEY (`venue_id`) REFERENCES `venue` (`venue_id`);

--
-- Ketidakleluasaan untuk tabel `jadwal`
--
ALTER TABLE `jadwal`
  ADD CONSTRAINT `jadwal_ibfk_1` FOREIGN KEY (`venue_id`) REFERENCES `venue` (`venue_id`);

--
-- Ketidakleluasaan untuk tabel `jadwal_booking`
--
ALTER TABLE `jadwal_booking`
  ADD CONSTRAINT `fk_venue` FOREIGN KEY (`venue_id`) REFERENCES `venue` (`venue_id`) ON DELETE CASCADE ON UPDATE CASCADE;

--
-- Ketidakleluasaan untuk tabel `link_gambar`
--
ALTER TABLE `link_gambar`
  ADD CONSTRAINT `venue_gambarfk` FOREIGN KEY (`venue_id`) REFERENCES `venue` (`venue_id`);

--
-- Ketidakleluasaan untuk tabel `mabar_participant`
--
ALTER TABLE `mabar_participant`
  ADD CONSTRAINT `mabar_fk` FOREIGN KEY (`mabar_id`) REFERENCES `mabar` (`mabar_id`) ON DELETE CASCADE ON UPDATE CASCADE,
  ADD CONSTRAINT `mabar_user_fk` FOREIGN KEY (`user_Id`) REFERENCES `user` (`user_id`) ON DELETE CASCADE ON UPDATE CASCADE;

--
-- Ketidakleluasaan untuk tabel `sparring`
--
ALTER TABLE `sparring`
  ADD CONSTRAINT `sparring_ibfk_1` FOREIGN KEY (`venue_id`) REFERENCES `venue` (`venue_id`);

--
-- Ketidakleluasaan untuk tabel `sparring_history`
--
ALTER TABLE `sparring_history`
  ADD CONSTRAINT `sparring_history_ibfk_1` FOREIGN KEY (`sparring_id`) REFERENCES `sparring` (`sparring_id`);

--
-- Ketidakleluasaan untuk tabel `sparring_participant`
--
ALTER TABLE `sparring_participant`
  ADD CONSTRAINT `sparring_participant_ibfk_1` FOREIGN KEY (`sparring_id`) REFERENCES `sparring` (`sparring_id`),
  ADD CONSTRAINT `sparring_participant_ibfk_2` FOREIGN KEY (`user_Id`) REFERENCES `user` (`user_id`);

--
-- Ketidakleluasaan untuk tabel `venue_facility`
--
ALTER TABLE `venue_facility`
  ADD CONSTRAINT `facility_fk` FOREIGN KEY (`fasilitas_id`) REFERENCES `facility` (`fasilitas_id`),
  ADD CONSTRAINT `venue_facfk` FOREIGN KEY (`venue_id`) REFERENCES `venue` (`venue_id`);
COMMIT;

/*!40101 SET CHARACTER_SET_CLIENT=@OLD_CHARACTER_SET_CLIENT */;
/*!40101 SET CHARACTER_SET_RESULTS=@OLD_CHARACTER_SET_RESULTS */;
/*!40101 SET COLLATION_CONNECTION=@OLD_COLLATION_CONNECTION */;
